library_name,library_system,address,zip_code,latitude,longitude,coordinate,county
Alhambra Library,Alhambra Civic Center Library,"101 S. First St., Alhambra, CA 91801 ",91801,34.0930938,-118.1275059,POINT (-118.1275059 34.0930938),Los Angeles
Bob Lucas Memorial Library & Literacy Center,Altadena Library District,"2659 Lincoln Avenue, Altadena, CA 91001",91001,34.19153904,-118.1587812,POINT (-118.1587812 34.19153904),Los Angeles
Main Library,Altadena Library District,"600 E. Mariposa Street, Altadena, CA 91001",91001,34.1891289,-118.1371796,POINT (-118.1371796 34.1891289),Los Angeles
Altadena Library at Loma Alta Park,Altadena Library District,"3330 N. Lincoln Avenue, Altadena, CA 91001",91001,34.2027947,-118.1589278,POINT (-118.1589278 34.2027947),Los Angeles
Arcadia Public Library,Arcadia Public Library,"20 West Duarte Road, Arcadia, CA 91006",91006,34.128623,-118.032336,POINT (-118.032336 34.128623),Los Angeles
Azusa City Library,Azusa City Library,"340 W 5th St., Azusa, CA 91702",91072,34.12979921,-117.9117148,POINT (-117.9117148 34.12979921),Los Angeles
Main Library,Beverly Hills Public Library,"444 N. Rexford Dr, Beverly Hills, CA 90210",90210,34.0732749,-118.4005628,POINT (-118.4005628 34.0732749),Los Angeles
Roxbury Book Nook,Beverly Hills Public Library,"471 S. Roxbury Dr, Beverly Hills, CA 90210",90210,34.05941983,-118.4057052,POINT (-118.4057052 34.05941983),Los Angeles
Buena Vista Branch Library,Burbank Public Library,"300 N. Buena Vista St., Burbank, CA 91505",91505,34.16413485,-118.330382,POINT (-118.330382 34.16413485),Los Angeles
Burbank Central Library,Burbank Public Library,"110 N. Glenoaks Blvd, Burbank, CA 91502",91505,34.18392785,-118.3064904,POINT (-118.3064904 34.18392785),Los Angeles
Northwest Branch Library,Burbank Public Library,"3323 W. Victory Blvd., Burbank, CA 91505",91505,34.185073,-118.347533,POINT (-118.347533 34.185073),Los Angeles
Calabasas Library,Calabasas Library,"200 Civic Center Way, Calabasas, CA 91302",91302,34.1527403,-118.6468116,POINT (-118.6468116 34.1527403),Los Angeles
Camarillo Public Library,Camarillo Public Library,"4101 Las Posas Road, Camarillo, CA 93010",93010,34.2432146,-119.0138886,POINT (-119.0138886 34.2432146),Ventura
Rosewood Library,City of Commerce Public Library,"5655 Jillson St., Commerce, CA 90040",90040,34.00030163,-118.1566326,POINT (-118.1566326 34.00030163),Los Angeles
Bandini Library & Learning Center,City of Commerce Public Library,"2269 S. Atlantic Blvd, Commerce, CA 90040",90040,34.0052201,-118.1646344,POINT (-118.1646344 34.0052201),Los Angeles
Bristow Neighborhood Library,City of Commerce Public Library,"1466 S McDonnell Ave, Commerce, CA 90040",90040,34.01298267,-118.1698953,POINT (-118.1698953 34.01298267),Los Angeles
READS CENTER,City of Commerce Public Library,"5655 Jillson Street, Commerce, CA 90040",90040,34.00030163,-118.1566326,POINT (-118.1566326 34.00030163),Los Angeles
Veterans Neighborhood Library,City of Commerce Public Library,"6134 Greenwood Ave, Commerce, CA 90040",90040,33.97369701,-118.1308015,POINT (-118.1308015 33.97369701),Los Angeles
A C Bilbrew Library,County of Los Angeles Public Library,"150 E El Segundo Blvd, Los Angeles, CA 90061",90061,33.9158519,-118.2305267,POINT (-118.2305267 33.9158519),Los Angeles
Acton Agua Dulce Library,County of Los Angeles Public Library,"33792 Crown Valley Rd, Acton, CA 93510",93510,34.495067,-118.197603,POINT (-118.197603 34.495067),Los Angeles
Agoura Hills Library,County of Los Angeles Public Library,"29901 Ladyface Court, Agoura Hills, CA 91301",91301,34.144363,-118.7754461,POINT (-118.7754461 34.144363),Los Angeles
Alondra Library,County of Los Angeles Public Library,"11949 Alondra Blvd, Norwalk, CA 90650",90650,33.8875715,-118.078726,POINT (-118.078726 33.8875715),Los Angeles
American Indian Resource Center (at Huntington Park Library),County of Los Angeles Public Library,"6518 Miles Ave, Huntington Park, CA 90255",90255,33.9802923,-118.2186834,POINT (-118.2186834 33.9802923),Los Angeles
Angelo M. Iacoboni Library,County of Los Angeles Public Library,"4990 Clark Ave, Lakewood, CA 90712",90712,33.84874555,-118.1333273,POINT (-118.1333273 33.84874555),Los Angeles
Antelope Valley East Bookmobile,County of Los Angeles Public Library,"Multiple Locations Tues - Sat, East Antelope Valley Area, CA",,,,POINT (NaN NaN),Los Angeles
Antelope Valley West Bookmobile,County of Los Angeles Public Library,"Multiple Locations Tues - Sat, Antelope Valley West Area, CA",,,,POINT (NaN NaN),Los Angeles
Anthony Quinn Library,County of Los Angeles Public Library,"3965 Cesar E Chavez Ave, Los Angeles, CA 90063",90063,34.0407904,-118.1800207,POINT (-118.1800207 34.0407904),Los Angeles
Artesia Library,County of Los Angeles Public Library,"18801 Elaine Avenue, Artesia, CA 90701",90701,33.86060265,-118.0791032,POINT (-118.0791032 33.86060265),Los Angeles
Asian Pacific Resource Center (at Rosemead Library),County of Los Angeles Public Library,"8800 Valley Blvd, Rosemead, CA 91770",91770,34.080588,-118.077484,POINT (-118.077484 34.080588),Los Angeles
Avalon Library,County of Los Angeles Public Library,"215 Sumner Ave, Avalon, CA 90704",90704,33.3438921,-118.3263474,POINT (-118.3263474 33.3438921),Los Angeles
Baldwin Park Library,County of Los Angeles Public Library,"4181 Baldwin Park Blvd, Baldwin Park, CA 91706",91706,34.0879872,-117.9650863,POINT (-117.9650863 34.0879872),Los Angeles
Bell Express Library,County of Los Angeles Public Library,"4357 E Gage Ave, Bell, CA 90201",90201,33.978421,-118.190071,POINT (-118.190071 33.978421),Los Angeles
Bell Gardens Library,County of Los Angeles Public Library,"7110 S Garfield Ave, Bell Gardens, CA 90201",90201,33.9666807,-118.1506254,POINT (-118.1506254 33.9666807),Los Angeles
Black Resource Center (at A C Bilbrew Library),County of Los Angeles Public Library,"150 E El Segundo Blvd, Los Angeles, CA 90061",90061,33.9158519,-118.2305267,POINT (-118.2305267 33.9158519),Los Angeles
Carson Library,County of Los Angeles Public Library,"151 E Carson St, Carson, CA 90745",90745,33.8320771,-118.2763172,POINT (-118.2763172 33.8320771),Los Angeles
Castaic Library,County of Los Angeles Public Library,"27971 Sloan Canyon Rd, Castaic, CA 91384",91384,34.49581465,-118.6269534,POINT (-118.6269534 34.49581465),Los Angeles
Charter Oak Library,County of Los Angeles Public Library,"20540 E Arrow Highway Suite K, Covina, CA 91724",91724,34.1061198,-117.8531162,POINT (-117.8531162 34.1061198),Los Angeles
Chet Holifield Library,County of Los Angeles Public Library,"1060 S Greenwood Ave, Montebello, CA 90640",90640,33.9933465,-118.1200693,POINT (-118.1200693 33.9933465),Los Angeles
Chicano Resource Center (at East Los Angeles Library),County of Los Angeles Public Library,"4837 E 3rd St, Los Angeles, CA 90022",90022,34.033993,-118.15975,POINT (-118.15975 34.033993),Los Angeles
City Terrace Library,County of Los Angeles Public Library,"4025 E City Terrace Dr, Los Angeles, CA 90063",90063,34.05595275,-118.1780633,POINT (-118.1780633 34.05595275),Los Angeles
Claremont Helen Renwick Library,County of Los Angeles Public Library,"208 N Harvard Ave, Claremont, CA 91711",91711,34.096326,-117.715958,POINT (-117.715958 34.096326),Los Angeles
Clifton M. Brakensiek Library,County of Los Angeles Public Library,"9945 E Flower St, Bellflower, CA 90706",90706,33.882112,-118.120886,POINT (-118.120886 33.882112),Los Angeles
Compton Library,County of Los Angeles Public Library,"240 W Compton Blvd, Compton, CA 90220",90220,33.895891,-118.225519,POINT (-118.225519 33.895891),Los Angeles
Cudahy Library,County of Los Angeles Public Library,"5218 Santa Ana St, Cudahy, CA 90201",90201,33.9594776,-118.17459,POINT (-118.17459 33.9594776),Los Angeles
Culver City Julian Dixon Library,County of Los Angeles Public Library,"4975 Overland Ave, Culver City, CA 90230",90230,34.00685756,-118.3960141,POINT (-118.3960141 34.00685756),Los Angeles
Diamond Bar Library,County of Los Angeles Public Library,"21800 Copley Dr, Diamond Bar, CA 91765",91765,33.9990149,-117.8308025,POINT (-117.8308025 33.9990149),Los Angeles
"Dr. Martin Luther King, Jr. Library",County of Los Angeles Public Library,"17906 S Avalon Blvd, Carson, CA 90746",90746,33.86818845,-118.2663597,POINT (-118.2663597 33.86818845),Los Angeles
Duarte Library,County of Los Angeles Public Library,"1301 Buena Vista St, Duarte, CA 91010",91010,34.1381741,-117.9779407,POINT (-117.9779407 34.1381741),Los Angeles
East Bookmobile,County of Los Angeles Public Library,"Multiple Locations Tues - Sat, East Los Angeles Area, CA",,,,POINT (NaN NaN),Los Angeles
East Los Angeles Library,County of Los Angeles Public Library,"4837 E 3rd St, Los Angeles, CA 90022",90022,34.033993,-118.15975,POINT (-118.15975 34.033993),Los Angeles
East Rancho Dominguez Library,County of Los Angeles Public Library,"4420 E Rose St, East Rancho Dominguez, CA 90221",90221,33.89417202,-118.1942034,POINT (-118.1942034 33.89417202),Los Angeles
El Camino Real Library,County of Los Angeles Public Library,"4264 E Whittier Blvd, Los Angeles, CA 90023",90023,34.0237105,-118.1778051,POINT (-118.1778051 34.0237105),Los Angeles
El Monte Library,County of Los Angeles Public Library,"3224 Tyler Ave, El Monte, CA 91731",91731,34.0669541,-118.0356225,POINT (-118.0356225 34.0669541),Los Angeles
Florence Library,County of Los Angeles Public Library,"7807 Compton Ave, Los Angeles, CA 90001",90001,33.96784653,-118.2477529,POINT (-118.2477529 33.96784653),Los Angeles
Gardena Mayme Dear Library,County of Los Angeles Public Library,"1731 W Gardena Blvd, Gardena, CA 90247",90247,33.8821025,-118.3076274,POINT (-118.3076274 33.8821025),Los Angeles
Gateway Bookmobile,County of Los Angeles Public Library,"Multiple Locations Tues - Sat, East of the 110 between the 10 and 105 Freeways, CA",,,,POINT (NaN NaN),Los Angeles
"George Nye, Jr. Library",County of Los Angeles Public Library,"6600 Del Amo Blvd, Lakewood, CA 90713",90713,33.846447,-118.102452,POINT (-118.102452 33.846447),Los Angeles
Graham Library,County of Los Angeles Public Library,"1900 E Firestone Blvd, Los Angeles, CA 90001",90001,33.9598869,-118.238338,POINT (-118.238338 33.9598869),Los Angeles
Hacienda Heights Library,County of Los Angeles Public Library,"16010 La Monde St, Hacienda Heights, CA 91745",91745,33.993548,-117.963244,POINT (-117.963244 33.993548),Los Angeles
Hawaiian Gardens Library,County of Los Angeles Public Library,"11940 Carson St, Hawaiian Gardens, CA 90716",90716,33.83125295,-118.0780046,POINT (-118.0780046 33.83125295),Los Angeles
Hawthorne Library,County of Los Angeles Public Library,"12700 Grevillea Ave, Hawthorne, CA 90250",90250,33.9172364,-118.3542415,POINT (-118.3542415 33.9172364),Los Angeles
Hermosa Beach Library,County of Los Angeles Public Library,"550 Pier Ave, Hermosa Beach, CA 90254",90254,33.8642572,-118.395544,POINT (-118.395544 33.8642572),Los Angeles
Hollydale Library,County of Los Angeles Public Library,"12000 Garfield Ave, South Gate, CA 90280",90280,33.9177131,-118.1686864,POINT (-118.1686864 33.9177131),Los Angeles
Huntington Park Library,County of Los Angeles Public Library,"6518 Miles Ave, Huntington Park, CA 90255",90255,33.9802923,-118.2186834,POINT (-118.2186834 33.9802923),Los Angeles
La Cañada Flintridge Library,County of Los Angeles Public Library,"4545 N Oakwood Ave, La Canada Flintridge, CA 91011",91011,34.2027713,-118.1942139,POINT (-118.1942139 34.2027713),Los Angeles
La Crescenta Library,County of Los Angeles Public Library,"2809 Foothill Blvd, La Crescenta, CA 91214",91214,34.2247405,-118.2403262,POINT (-118.2403262 34.2247405),Los Angeles
La Mirada Library,County of Los Angeles Public Library,"13800 La Mirada Blvd, La Mirada, CA 90638",90638,33.9058963,-118.0107894,POINT (-118.0107894 33.9058963),Los Angeles
La Puente Library,County of Los Angeles Public Library,"15920 E Central Ave, La Puente, CA 91744",91744,34.033564,-117.948463,POINT (-117.948463 34.033564),Los Angeles
La Verne Library,County of Los Angeles Public Library,"3640 D St, La Verne, CA 91750",91750,34.11135335,-117.7642957,POINT (-117.7642957 34.11135335),Los Angeles
Lake Los Angeles Library,County of Los Angeles Public Library,"16921 E Avenue O, #A, Palmdale, CA 93591",93591,34.5581417,-118.0477511,POINT (-118.0477511 34.5581417),Los Angeles
Lancaster Library,County of Los Angeles Public Library,"601 W Lancaster Blvd, Lancaster, CA 93534",93534,34.69854165,-118.1403232,POINT (-118.1403232 34.69854165),Los Angeles
Lawndale Library,County of Los Angeles Public Library,"14615 Burin Ave, Lawndale, CA 90260",90260,33.8985378,-118.3542318,POINT (-118.3542318 33.8985378),Los Angeles
Leland R. Weaver Library,County of Los Angeles Public Library,"4035 Tweedy Blvd, South Gate, CA 90280",90280,33.94412125,-118.201512,POINT (-118.201512 33.94412125),Los Angeles
Lennox Library,County of Los Angeles Public Library,"4359 Lennox Blvd, Lennox, CA 90304",90304,33.93828259,-118.3518602,POINT (-118.3518602 33.93828259),Los Angeles
Littlerock Library,County of Los Angeles Public Library,"35119 80th St East, Littlerock, CA 93543",93543,34.5198798,-117.9887571,POINT (-117.9887571 34.5198798),Los Angeles
Live Oak Library,County of Los Angeles Public Library,"22 W Live Oak Ave, Arcadia, CA 91007",91007,34.1066878,-118.0317627,POINT (-118.0317627 34.1066878),Los Angeles
Lloyd Taber-Marina del Rey Library,County of Los Angeles Public Library,"4533 Admiralty Way, Marina del Rey, CA 90292",90292,33.98395779,-118.4467051,POINT (-118.4467051 33.98395779),Los Angeles
Lomita Library,County of Los Angeles Public Library,"24200 Narbonne Ave, Lomita, CA 90717",90717,33.80530575,-118.3191429,POINT (-118.3191429 33.80530575),Los Angeles
Los Nietos Library,County of Los Angeles Public Library,"8511 Duchess Drive, Whittier, CA 90606",90606,33.9650917,-118.0723363,POINT (-118.0723363 33.9650917),Los Angeles
Lynwood Express Library,County of Los Angeles Public Library,"3798 Martin Luther King Jr. Blvd, Lynwood, CA 90262",90262,33.9281898,-118.1992627,POINT (-118.1992627 33.9281898),Los Angeles
Malibu Library,County of Los Angeles Public Library,"23519 W Civic Center Way, Malibu, CA 90265",90265,34.037113,-118.688342,POINT (-118.688342 34.037113),Los Angeles
Manhattan Beach Library,County of Los Angeles Public Library,"1320 Highland Ave, Manhattan Beach, CA 90266",90266,33.88688295,-118.4103642,POINT (-118.4103642 33.88688295),Los Angeles
Masao W. Satow Library,County of Los Angeles Public Library,"14433 Crenshaw Blvd, Gardena, CA 90249",90249,33.90004265,-118.3269357,POINT (-118.3269357 33.90004265),Los Angeles
Maywood César Chávez Library,County of Los Angeles Public Library,"4323 E Slauson Ave, Maywood, CA 90270",90270,33.9866807,-118.185349,POINT (-118.185349 33.9866807),Los Angeles
Montebello Library,County of Los Angeles Public Library,"1550 W Beverly Blvd, Montebello, CA 90640",90640,34.01901056,-118.1153042,POINT (-118.1153042 34.01901056),Los Angeles
Norwalk Library,County of Los Angeles Public Library,"12350 Imperial Hwy, Norwalk, CA 90650",90650,33.91699396,-118.069278,POINT (-118.069278 33.91699396),Los Angeles
Norwood Library,County of Los Angeles Public Library,"4550 N Peck Rd, El Monte, CA 91732",91732,34.086841,-118.015714,POINT (-118.015714 34.086841),Los Angeles
Paramount Library,County of Los Angeles Public Library,"16254 Colorado Ave, Paramount, CA 90723",90723,33.88572395,-118.1609976,POINT (-118.1609976 33.88572395),Los Angeles
Pico Rivera Library,County of Los Angeles Public Library,"9001 Mines Ave, Pico Rivera, CA 90660",90660,33.9919574,-118.0892349,POINT (-118.0892349 33.9919574),Los Angeles
Quartz Hill Library,County of Los Angeles Public Library,"5040 West Avenue M-2, Quartz Hill, CA 93536",93536,34.64309325,-118.2196663,POINT (-118.2196663 34.64309325),Los Angeles
Rivera Library,County of Los Angeles Public Library,"7828 S Serapis Ave, Pico Rivera, CA 90660",90660,33.9689262,-118.1008209,POINT (-118.1008209 33.9689262),Los Angeles
Rosemead Library,County of Los Angeles Public Library,"8800 Valley Blvd, Rosemead, CA 91770",91770,34.080588,-118.077484,POINT (-118.077484 34.080588),Los Angeles
Rowland Heights Library,County of Los Angeles Public Library,"1850 Nogales Street, Rowland Heights, CA 91748",91748,33.9844119,-117.8885909,POINT (-117.8885909 33.9844119),Los Angeles
San Dimas Library,County of Los Angeles Public Library,"145 N Walnut Ave, San Dimas, CA 91773",91773,34.10796775,-117.803194,POINT (-117.803194 34.10796775),Los Angeles
San Fernando Library,County of Los Angeles Public Library,"217 N Maclay Ave, San Fernando, CA 91340",91340,34.28526863,-118.4387351,POINT (-118.4387351 34.28526863),Los Angeles
San Gabriel Library,County of Los Angeles Public Library,"500 S Del Mar Ave, San Gabriel, CA 91776",91776,34.0958423,-118.0992358,POINT (-118.0992358 34.0958423),Los Angeles
Sorensen Library,County of Los Angeles Public Library,"6934 Broadway Ave, Whittier, CA 90606",90606,33.97950695,-118.0624843,POINT (-118.0624843 33.97950695),Los Angeles
South El Monte Library,County of Los Angeles Public Library,"1430 North Central Avenue, South El Monte, CA 91733",91733,34.044868,-118.046705,POINT (-118.046705 34.044868),Los Angeles
South Whittier Library,County of Los Angeles Public Library,"11543 Colima Road, Whittier, CA 90604",90604,33.92690443,-118.0231575,POINT (-118.0231575 33.92690443),Los Angeles
Stevenson Ranch Library,County of Los Angeles Public Library,"25950 The Old Road, Stevenson Ranch, CA 91381",91381,34.3932707,-118.572845,POINT (-118.572845 34.3932707),Los Angeles
Sunkist Library,County of Los Angeles Public Library,"840 N Puente Ave, La Puente, CA 91746",91746,34.0552144,-117.9768351,POINT (-117.9768351 34.0552144),Los Angeles
Temple City Library,County of Los Angeles Public Library,"5939 Golden West Ave., Temple City, CA 91780",91780,34.10799247,-118.0567818,POINT (-118.0567818 34.10799247),Los Angeles
Topanga Library,County of Los Angeles Public Library,"122 N Topanga Canyon Blvd, Topanga, CA 90290",90290,34.0899431,-118.6034845,POINT (-118.6034845 34.0899431),Los Angeles
View Park Bebe Moore Campbell Library,County of Los Angeles Public Library,"3854 W 54th St, Los Angeles, CA 90043",90043,33.992973,-118.3411145,POINT (-118.3411145 33.992973),Los Angeles
Walnut Library,County of Los Angeles Public Library,"21155 La Puente Rd, Walnut, CA 91789",91789,34.02672005,-117.8415953,POINT (-117.8415953 34.02672005),Los Angeles
West Covina Library,County of Los Angeles Public Library,"1601 W West Covina Pkwy, West Covina, CA 91790",91790,34.0711207,-117.9406192,POINT (-117.9406192 34.0711207),Los Angeles
West Hollywood Library,County of Los Angeles Public Library,"625 N San Vicente Blvd, West Hollywood, CA 90069",90069,34.08179309,-118.3831824,POINT (-118.3831824 34.08179309),Los Angeles
Westlake Village Library,County of Los Angeles Public Library,"31220 Oak Crest Dr, Westlake Village, CA 91361",91361,34.144639,-118.7984583,POINT (-118.7984583 34.144639),Los Angeles
Willowbrook Library,County of Los Angeles Public Library,"11737 Wilmington Ave, Los Angeles, CA 90059",90059,33.92663892,-118.2388635,POINT (-118.2388635 33.92663892),Los Angeles
Wiseburn Library,County of Los Angeles Public Library,"5335 W 135th St, Hawthorne, CA 90250",90250,33.9097642,-118.3736029,POINT (-118.3736029 33.9097642),Los Angeles
Woodcrest Library,County of Los Angeles Public Library,"1340 W 106th St, Los Angeles, CA 90044",90044,33.9398371,-118.2999475,POINT (-118.2999475 33.9398371),Los Angeles
Covina Public Library,Covina Public Library,"234 N Second Ave, Covina, CA 91723",91723,34.08783482,-117.8877898,POINT (-117.8877898 34.08783482),Los Angeles
Crowell Public Library (City of San Marino),Crowell Public Library (City of San Marino),"1890 Huntington Dr, San Marino, CA 91108",91108,34.11975125,-118.1116315,POINT (-118.1116315 34.11975125),Los Angeles
Downey City Library,Downey City Library,"11121 Brookshire Avenue, Downey, California 90241",90241,33.93894529,-118.1291825,POINT (-118.1291825 33.93894529),Los Angeles
El Segundo Public Library,El Segundo Public Library,"111 W. Mariposa Avenue, El Segundo, CA 90245",90245,33.9239549,-118.4168109,POINT (-118.4168109 33.9239549),Los Angeles
Central Library,"Glendale Library, Arts & Culture","222 E Harvard St, Glendale, CA 91205",91205,34.14436051,-118.2534258,POINT (-118.2534258 34.14436051),Los Angeles
Brand Library & Art Center,"Glendale Library, Arts & Culture","1601 W Mountain St, Glendale, CA 91201",91201,34.182052,-118.2765332,POINT (-118.2765332 34.182052),Los Angeles
Casa Verdugo Library,"Glendale Library, Arts & Culture","1151 N Brand Blvd, Glendale, CA 91202",91202,34.1632363,-118.2554329,POINT (-118.2554329 34.1632363),Los Angeles
Chevy Chase Library,"Glendale Library, Arts & Culture","3301 E Chevy Chase Dr, Glendale, CA 91206",91206,34.1738059,-118.1999942,POINT (-118.1999942 34.1738059),Los Angeles
Grandview Library,"Glendale Library, Arts & Culture","1535 Fifth St, Glendale, CA 91201",91201,34.17047555,-118.2856035,POINT (-118.2856035 34.17047555),Los Angeles
Library Connection @ Adams Square,"Glendale Library, Arts & Culture","1100 E Chevy Chase Dr, Glendale, CA 91205",91205,34.1336964,-118.2415003,POINT (-118.2415003 34.1336964),Los Angeles
Montrose Library,"Glendale Library, Arts & Culture","2465 Honolulu Ave, Montrose, CA 91020",91020,34.207471,-118.2326114,POINT (-118.2326114 34.207471),Los Angeles
Pacific Park Library,"Glendale Library, Arts & Culture","501 S Pacific Ave, Glendale, CA, 91204",91204,34.1392236,-118.2647921,POINT (-118.2647921 34.1392236),Los Angeles
Glendora Public Library,Glendora Public Library,"140 S. Glendora Ave., Glendora, CA 91741",91741,34.13468445,-117.8647128,POINT (-117.8647128 34.13468445),Los Angeles
Crenshaw-Imperial Branch Library,Inglewood Public Library,"11141 Crenshaw Blvd., Inglewood, CA  90303",90303,33.93356357,-118.3265144,POINT (-118.3265144 33.93356357),Los Angeles
Morningside Park Branch Library ,Inglewood Public Library,"3505 W. 85th St., Inglewood, CA 90305",90305,33.96095805,-118.3336115,POINT (-118.3336115 33.96095805),Los Angeles
Main Library,Inglewood Public Library,"101 W. Manchester Blvd., Inglewood, CA 90301",90301,33.96220915,-118.3556324,POINT (-118.3556324 33.96220915),Los Angeles
Irwindale Public Library,Irwindale Public Library,"16053 Calle de Paseo, Irwindale, CA 91706",91706,34.1039225,-117.9330567,POINT (-117.9330567 34.1039225),Los Angeles
Billie Jean King Main Library,Long Beach Public Library,"200 W. Broadway, Long Beach, CA 90802",90802,33.769215,-118.193846,POINT (-118.193846 33.769215),Los Angeles
Alamitos Neighborhood Library,Long Beach Public Library,"1836 E. Third St., Long Beach, CA 90802",90802,33.76905182,-118.1689026,POINT (-118.1689026 33.76905182),Los Angeles
Bach Neighborhood Library,Long Beach Public Library,"4055 N. Bellflower Blvd., Long Beach, CA 90808",90808,33.83137594,-118.1252554,POINT (-118.1252554 33.83137594),Los Angeles
Bay Shore Neighborhood Library,Long Beach Public Library,"195 Bay Shore Ave., Long Beach, CA 90803",90803,33.75807168,-118.1303527,POINT (-118.1303527 33.75807168),Los Angeles
Brewitt Neighborhood Library,Long Beach Public Library,"4036 E. Anaheim St., Long Beach, CA 90804",90804,33.78251337,-118.1454513,POINT (-118.1454513 33.78251337),Los Angeles
Burnett Neighborhood Library,Long Beach Public Library,"560 E. Hill St., Long Beach, CA 90806",90806,33.797032,-118.185948,POINT (-118.185948 33.797032),Los Angeles
Dana Neighborhood Library,Long Beach Public Library,"3680 Atlantic Ave., Long Beach, CA 90807",90807,33.82375427,-118.1849157,POINT (-118.1849157 33.82375427),Los Angeles
El Dorado Neighborhood Library,Long Beach Public Library,"2900 Studebaker Rd., Long Beach, CA 90815",90815,33.8088818,-118.0986042,POINT (-118.0986042 33.8088818),Los Angeles
Harte Neighborhood Library,Long Beach Public Library,"1595 W. Willow St., Long Beach, CA 90810",90810,33.80446193,-118.2141439,POINT (-118.2141439 33.80446193),Los Angeles
Los Altos Neighborhood Library,Long Beach Public Library,"5614 E. Britton Dr., Long Beach, CA 90815",90815,33.793333,-118.1225569,POINT (-118.1225569 33.793333),Los Angeles
Mark Twain Neighborhood Library,Long Beach Public Library,"1401 E. Anaheim St., Long Beach, CA 90813",90813,33.782689,-118.174009,POINT (-118.174009 33.782689),Los Angeles
Michelle Obama Neighborhood Library,Long Beach Public Library,"5870 Atlantic Ave., Long Beach, CA 90805",90805,33.861184,-118.1846256,POINT (-118.1846256 33.861184),Los Angeles
Central Library,Los Angeles Public Library,"630 W. 5th Street, Los Angeles, CA 90071",90071,34.0507281,-118.2551781,POINT (-118.2551781 34.0507281),Los Angeles
Angeles Mesa Branch Library,Los Angeles Public Library,"2700 W. 52nd Street, Los Angeles, CA 90043",90043,33.994939,-118.322663,POINT (-118.322663 33.994939),Los Angeles
Arroyo Seco Regional Branch Library,Los Angeles Public Library,"6145 N. Figueroa Street, Los Angeles, CA 90042",90042,34.111822,-118.188438,POINT (-118.188438 34.111822),Los Angeles
Ascot Branch Library,Los Angeles Public Library,"120 W. Florence Avenue, Los Angeles, CA 90003",90003,33.97460828,-118.2744884,POINT (-118.2744884 33.97460828),Los Angeles
Atwater Village Branch Library,Los Angeles Public Library,"3379 Glendale Boulevard, Los Angeles, CA 90039",90039,34.12007235,-118.2591919,POINT (-118.2591919 34.12007235),Los Angeles
Baldwin Hills Branch Library,Los Angeles Public Library,"2906 S. La Brea Avenue, Los Angeles, CA 90016",90016,34.0282866,-118.352604,POINT (-118.352604 34.0282866),Los Angeles
Benjamin Franklin Branch Library,Los Angeles Public Library,"2200 E. 1st Street, Los Angeles, CA 90033",90033,34.044291,-118.212378,POINT (-118.212378 34.044291),Los Angeles
Donald Bruce Kaufman - Brentwood Branch Library,Los Angeles Public Library,"11820 San Vicente Boulevard, Los Angeles, CA 90049",90049,34.0528015,-118.4685155,POINT (-118.4685155 34.0528015),Los Angeles
Cahuenga Branch Library,Los Angeles Public Library,"4591 Santa Monica Boulevard, Los Angeles, CA 90029",90029,34.090954,-118.288799,POINT (-118.288799 34.090954),Los Angeles
Canoga Park Branch Library,Los Angeles Public Library,"20939 Sherman Way, Canoga Park, CA 91303",91303,34.20111774,-118.5931258,POINT (-118.5931258 34.20111774),Los Angeles
Chatsworth Branch Library,Los Angeles Public Library,"21052 Devonshire Street, Chatsworth, CA 91311",91311,34.25715794,-118.5919033,POINT (-118.5919033 34.25715794),Los Angeles
Chinatown Branch Library,Los Angeles Public Library,"639 N. Hill Street, Los Angeles, CA 90012",90012,34.05986896,-118.241101,POINT (-118.241101 34.05986896),Los Angeles
Cypress Park Branch Library,Los Angeles Public Library,"1150 Cypress Avenue, Los Angeles, CA 90065",90065,34.09472408,-118.2273259,POINT (-118.2273259 34.09472408),Los Angeles
Will & Ariel Durant Branch Library,Los Angeles Public Library,"7140 W. Sunset Boulevard, Los Angeles, CA 90046",90046,34.09765635,-118.3456365,POINT (-118.3456365 34.09765635),Los Angeles
Eagle Rock Branch Library,Los Angeles Public Library,"5027 Caspar Avenue, Los Angeles, CA 90041",90041,34.13743101,-118.2133172,POINT (-118.2133172 34.13743101),Los Angeles
Echo Park Branch Library,Los Angeles Public Library,"1410 W. Temple Street, Los Angeles, CA 90026",90026,34.0671091,-118.2574018,POINT (-118.2574018 34.0671091),Los Angeles
Edendale Branch Library,Los Angeles Public Library,"2011 W. Sunset Boulevard, Los Angeles, CA 90026",90026,34.07782978,-118.2626968,POINT (-118.2626968 34.07782978),Los Angeles
El Sereno Branch Library,Los Angeles Public Library,"5226 S. Huntington Drive, Los Angeles, CA 90032",90032,34.08931475,-118.1693382,POINT (-118.1693382 34.08931475),Los Angeles
Encino - Tarzana Branch Library,Los Angeles Public Library,"18231 Ventura Boulevard, Tarzana, CA 91356",91356,34.166556,-118.530016,POINT (-118.530016 34.166556),Los Angeles
Exposition Park - Dr. Mary McLeod Bethune Regional Branch Library,Los Angeles Public Library,"3900 S. Western Ave, Los Angeles, CA 90062",90062,34.014499,-118.308805,POINT (-118.308805 34.014499),Los Angeles
Fairfax Branch Library,Los Angeles Public Library,"161 S. Gardner Street, Los Angeles, CA 90036",90036,34.07253273,-118.3532986,POINT (-118.3532986 34.07253273),Los Angeles
Felipe de Neve Branch Library,Los Angeles Public Library,"2820 W. 6th Street, Los Angeles, CA 90057",90057,34.06339466,-118.2832741,POINT (-118.2832741 34.06339466),Los Angeles
Granada Hills Branch Library,Los Angeles Public Library,"10640 Petit Avenue, Granada Hills, CA 91344",91344,34.2638228,-118.4978067,POINT (-118.4978067 34.2638228),Los Angeles
Harbor City - Harbor Gateway Branch Library,Los Angeles Public Library,"24000 S. Western, Harbor City, CA 90710",90710,33.80667,-118.30736,POINT (-118.30736 33.80667),Los Angeles
Frances Howard Goldwyn - Hollywood Regional Branch Library,Los Angeles Public Library,"1623 Ivar Avenue, Los Angeles, CA 90028",90028,34.10040525,-118.3285624,POINT (-118.3285624 34.10040525),Los Angeles
Hyde Park Miriam Matthews Branch Library,Los Angeles Public Library,"2205 W. Florence Avenue, Los Angeles, CA 90043",90043,33.97466688,-118.3179203,POINT (-118.3179203 33.97466688),Los Angeles
Jefferson - Vassie D. Wright Memorial Branch Library,Los Angeles Public Library,"2211 W. Jefferson Boulevard, Los Angeles, CA 90018",90018,34.0257,-118.319255,POINT (-118.319255 34.0257),Los Angeles
John C. Fremont Branch Library,Los Angeles Public Library,"6121 Melrose Avenue, Los Angeles, CA 90038",90038,34.08356891,-118.3334162,POINT (-118.3334162 34.08356891),Los Angeles
John Muir Branch Library,Los Angeles Public Library,"1005 W. 64th Street, Los Angeles, CA 90044",90044,33.98151383,-118.2921374,POINT (-118.2921374 33.98151383),Los Angeles
Junipero Serra Branch Library,Los Angeles Public Library,"4607 S. Main Street, Los Angeles, CA 90037",90037,34.0017495,-118.274326,POINT (-118.274326 34.0017495),Los Angeles
Lake View Terrace Branch Library,Los Angeles Public Library,"12002 Osborne Street, Lake View Terrace, CA 91342",91342,34.27296,-118.39429,POINT (-118.39429 34.27296),Los Angeles
Lincoln Heights Branch Library,Los Angeles Public Library,"2530 Workman Street, Los Angeles, CA 90031",90031,34.0761988,-118.214034,POINT (-118.214034 34.0761988),Los Angeles
Little Tokyo Branch Library,Los Angeles Public Library,"203 S. Los Angeles Street, Los Angeles, CA 90012",90012,34.05007095,-118.2438831,POINT (-118.2438831 34.05007095),Los Angeles
Los Feliz Branch Library,Los Angeles Public Library,"1874 Hillhurst Avenue, Los Angeles, CA 90027",90027,34.1048604,-118.2877119,POINT (-118.2877119 34.1048604),Los Angeles
Malabar Branch Library,Los Angeles Public Library,"2801 Wabash Avenue, Los Angeles, CA 90033",90033,34.050505,-118.197803,POINT (-118.197803 34.050505),Los Angeles
Mar Vista Branch Library,Los Angeles Public Library,"12006 Venice Boulevard, Los Angeles, CA 90066",90066,34.0059683,-118.4289582,POINT (-118.4289582 34.0059683),Los Angeles
Mark Twain Branch Library,Los Angeles Public Library,"9621 S. Figueroa Street, Los Angeles, CA 90003",90003,33.94890831,-118.2827793,POINT (-118.2827793 33.94890831),Los Angeles
Memorial Branch Library,Los Angeles Public Library,"4625 W. Olympic Boulevard, Los Angeles, CA 90019",90019,34.056601,-118.332349,POINT (-118.332349 34.056601),Los Angeles
Mid-Valley Regional Branch Library,Los Angeles Public Library,"16244 Nordhoff Street, North Hills, CA 91343",91343,34.23556376,-118.4856488,POINT (-118.4856488 34.23556376),Los Angeles
North Hollywood Amelia Earhart Regional Branch Library,Los Angeles Public Library,"5211 Tujunga Avenue, North Hollywood, CA 91601",91601,34.1661638,-118.378871,POINT (-118.378871 34.1661638),Los Angeles
Northridge Branch Library,Los Angeles Public Library,"9051 Darby Avenue, Northridge, CA 91325",91325,34.23476835,-118.5339689,POINT (-118.5339689 34.23476835),Los Angeles
Pacoima Branch Library,Los Angeles Public Library,"13605 Van Nuys Boulevard, Pacoima, CA 91331",91331,34.2596926,-118.4308986,POINT (-118.4308986 34.2596926),Los Angeles
Palisades Branch Library,Los Angeles Public Library,"861 Alma Real Drive, Pacific Palisades, CA 90272",90272,34.04431005,-118.5248707,POINT (-118.5248707 34.04431005),Los Angeles
Palms - Rancho Park Branch Library,Los Angeles Public Library,"2920 Overland Avenue, Los Angeles, CA 90064",90064,34.03433948,-118.4188994,POINT (-118.4188994 34.03433948),Los Angeles
Panorama City Branch Library,Los Angeles Public Library,"14345 Roscoe Boulevard, Panorama City, CA 91402",91402,34.221673,-118.446097,POINT (-118.446097 34.221673),Los Angeles
Pico Union Branch Library,Los Angeles Public Library,"1030 S. Alvarado Street, Los Angeles, CA 90006",90006,34.051031,-118.2798481,POINT (-118.2798481 34.051031),Los Angeles
Pio Pico - Koreatown Branch Library,Los Angeles Public Library,"694 S. Oxford Avenue, Los Angeles, CA 90005",90005,34.05987537,-118.3077293,POINT (-118.3077293 34.05987537),Los Angeles
Platt Branch Library,Los Angeles Public Library,"23600 Victory Boulevard, Woodland Hills, CA 91367",91367,34.1863,-118.64121,POINT (-118.64121 34.1863),Los Angeles
Playa Vista Branch Library,Los Angeles Public Library,"6400 Playa Vista Dr., Los Angeles, CA 90094",90094,33.9701814,-118.4255,POINT (-118.4255 33.9701814),Los Angeles
Porter Ranch Branch Library,Los Angeles Public Library,"11371 Tampa Avenue, Porter Ranch, CA 91326",91326,34.27676644,-118.5585549,POINT (-118.5585549 34.27676644),Los Angeles
Robert Louis Stevenson Branch Library,Los Angeles Public Library,"803 Spence Street, Los Angeles, CA 90023",90023,34.02765606,-118.197997,POINT (-118.197997 34.02765606),Los Angeles
Robertson Branch Library,Los Angeles Public Library,"1719 S. Robertson Boulevard, Los Angeles, CA 90035",90035,34.04842022,-118.3857234,POINT (-118.3857234 34.04842022),Los Angeles
San Pedro Regional Branch Library,Los Angeles Public Library,"931 S. Gaffey Street, San Pedro, CA 90731",90731,33.73640167,-118.2924356,POINT (-118.2924356 33.73640167),Los Angeles
Sherman Oaks Martin Pollard Branch Library,Los Angeles Public Library,"14245 Moorpark Street, Sherman Oaks, CA 91423",91423,34.150985,-118.443361,POINT (-118.443361 34.150985),Los Angeles
Silver Lake Branch Library,Los Angeles Public Library,"2411 Glendale Blvd, Los Angeles, CA 90039",90039,34.1003225,-118.2593188,POINT (-118.2593188 34.1003225),Los Angeles
Studio City Branch Library,Los Angeles Public Library,"12511 Moorpark Street, Studio City, CA 91604",91604,34.15064665,-118.4055941,POINT (-118.4055941 34.15064665),Los Angeles
Sun Valley Branch Library,Los Angeles Public Library,"7935 Vineland Avenue, Sun Valley, CA 91352",91352,34.21482,-118.37062,POINT (-118.37062 34.21482),Los Angeles
Sunland - Tujunga Branch Library,Los Angeles Public Library,"7771 Foothill Boulevard, Tujunga, CA 91042",91042,34.25795,-118.30124,POINT (-118.30124 34.25795),Los Angeles
Sylmar Branch Library,Los Angeles Public Library,"14561 Polk Street, Sylmar, CA 91342",91342,34.30715714,-118.4503311,POINT (-118.4503311 34.30715714),Los Angeles
Valley Plaza Branch Library,Los Angeles Public Library,"12311 Vanowen Street, North Hollywood, CA 91605",91605,34.19468035,-118.4011618,POINT (-118.4011618 34.19468035),Los Angeles
Van Nuys Branch Library,Los Angeles Public Library,"6250 Sylmar Ave, Van Nuys, CA 91401",91401,34.18351018,-118.44643,POINT (-118.44643 34.18351018),Los Angeles
Venice - Abbot Kinney Memorial Branch Library,Los Angeles Public Library,"501 S. Venice Boulevard, Venice, CA 90291",90291,33.98644639,-118.466579,POINT (-118.466579 33.98644639),Los Angeles
Vermont Square Branch Library,Los Angeles Public Library,"1201 W. 48th. Street, Los Angeles, CA 90037",90037,33.99953013,-118.2960538,POINT (-118.2960538 33.99953013),Los Angeles
Vernon - Leon H. Washington Jr. Memorial Branch Library,Los Angeles Public Library,"4504 S. Central Avenue, Los Angeles, CA 90011",90011,34.002736,-118.2563759,POINT (-118.2563759 34.002736),Los Angeles
Washington Irving Branch Library,Los Angeles Public Library,"4117 W. Washington Boulevard, Los Angeles, CA 90018",90018,34.03995717,-118.3289231,POINT (-118.3289231 34.03995717),Los Angeles
Alma Reaves Woods - Watts Branch Library,Los Angeles Public Library,"10205 Compton Avenue, Los Angeles, CA 90002",90002,33.94410773,-118.2463381,POINT (-118.2463381 33.94410773),Los Angeles
West Los Angeles Regional Branch Library,Los Angeles Public Library,"11360 Santa Monica Boulevard, Los Angeles, CA 90025",90025,34.04610119,-118.4501017,POINT (-118.4501017 34.04610119),Los Angeles
West Valley Regional Branch Library,Los Angeles Public Library,"19036 Vanowen Street, Reseda, CA 91335",91335,34.1937569,-118.5478328,POINT (-118.5478328 34.1937569),Los Angeles
Westchester - Loyola Village Branch Library,Los Angeles Public Library,"7114 W. Manchester Avenue, Los Angeles, CA 90045",90045,33.95965735,-118.417131,POINT (-118.417131 33.95965735),Los Angeles
Westwood Branch Library,Los Angeles Public Library,"1246 Glendon Avenue, Los Angeles, CA 90024",90024,34.0577643,-118.441815,POINT (-118.441815 34.0577643),Los Angeles
Wilmington Branch Library,Los Angeles Public Library,"1300 N. Avalon Boulevard, Wilmington, CA 90744",90744,33.788955,-118.263035,POINT (-118.263035 33.788955),Los Angeles
Wilshire Branch Library,Los Angeles Public Library,"149 N. Saint Andrews Pl, Los Angeles, CA 90004",90004,34.07381833,-118.3114405,POINT (-118.3114405 34.07381833),Los Angeles
Woodland Hills Branch Library,Los Angeles Public Library,"22200 Ventura Boulevard, Woodland Hills, CA 91364",91364,34.168677,-118.610562,POINT (-118.610562 34.168677),Los Angeles
Monrovia Public Library,Monrovia Public Library,"321 S. Myrtle Avenue, Monrovia, CA 91016",91016,34.1486505,-118.0020798,POINT (-118.0020798 34.1486505),Los Angeles
Monterey Park Bruggemeyer Library,Monterey Park Bruggemeyer Library,"318 S. Ramona Avenue, Monterey Park, CA 91754",91754,34.05929913,-118.1253808,POINT (-118.1253808 34.05929913),Los Angeles
Moorpark City Library,Moorpark City Library,"699 Moorpark Ave., Moorpark, CA 93021",93021,34.286322,-118.882246,POINT (-118.882246 34.286322),Ventura
Oxnard Main Library,Oxnard Public Library,"251 South 'A' St., Oxnard, CA 93030",93030,34.2009933,-119.1789409,POINT (-119.1789409 34.2009933),Ventura
South Oxnard Library,Oxnard Public Library,"4300 Saviers Rd., Oxnard, CA 93033",93033,34.160868,-119.177572,POINT (-119.177572 34.160868),Ventura
Colonia Library,Oxnard Public Library,"1500 Camino del Sol, #26, Oxnard, CA 93030",93030,34.207167,-119.163454,POINT (-119.163454 34.207167),Ventura
Palmdale City Library,Palmdale City Library,"700 E. Palmdale Blvd., Palmdale, CA 93550",93550,34.57943,-118.116408,POINT (-118.116408 34.57943),Los Angeles
Peninsula Center Library,Palos Verdes Library District,"701 Silver Spur Road, Rolling Hills Estates, CA 90274",90274,33.77095539,-118.3701521,POINT (-118.3701521 33.77095539),Los Angeles
Malaga Cove Library,Palos Verdes Library District,"2400 Via Campesina, Palos Verdes Estates, CA 90274",90274,33.7988309,-118.3892081,POINT (-118.3892081 33.7988309),Los Angeles
Miraleste Library,Palos Verdes Library District,"29089 Palos Verdes Drive East, Rancho Palos Verdes, CA 90275",90275,33.75587795,-118.330041,POINT (-118.330041 33.75587795),Los Angeles
The Annex,Palos Verdes Library District,"701 Silver Spur Road, Rolling Hills Estates, CA, 90274",90274,33.77095539,-118.3701521,POINT (-118.3701521 33.77095539),Los Angeles
Allendale Branch,Pasadena Public Library,"1130 South Marengo Avenue, Pasadena, CA 91106",91106,34.12627055,-118.1456645,POINT (-118.1456645 34.12627055),Los Angeles
Hastings Branch,Pasadena Public Library,"3325 East Orange Grove Blvd, Pasadena, CA 91107",91107,34.1582773,-118.0820655,POINT (-118.0820655 34.1582773),Los Angeles
Hill Avenue Branch,Pasadena Public Library,"55 South Hill Ave, Pasadena, CA 91106",91106,34.14545513,-118.1212454,POINT (-118.1212454 34.14545513),Los Angeles
Jefferson Branch Children and Teen Services,Pasadena Public Library,"1500 E Villa St, Pasadena CA 91106",91106,34.153927,-118.119344,POINT (-118.119344 34.153927),Los Angeles
La Pintoresca Branch,Pasadena Public Library,"1355 N Raymond Ave, Pasadena, CA 91103",91103,34.168371,-118.1491909,POINT (-118.1491909 34.168371),Los Angeles
Lamanda Park Branch,Pasadena Public Library,"140 South Altadena Dr, Pasadena, CA 91107",91107,34.143572,-118.098585,POINT (-118.098585 34.143572),Los Angeles
Linda Vista Branch,Pasadena Public Library,"1281 Bryant St, Pasadena, CA 91103",91103,34.16991418,-118.1777599,POINT (-118.1777599 34.16991418),Los Angeles
San Rafael Branch,Pasadena Public Library,"1240 Nithsdale Rd, Pasadena, CA 91105",91105,34.13582494,-118.1758306,POINT (-118.1758306 34.13582494),Los Angeles
Santa Catalina Branch,Pasadena Public Library,"999 E Washington Blvd, Pasadena, CA 91104",91104,34.16925215,-118.1298833,POINT (-118.1298833 34.16925215),Los Angeles
Ville Parke Community Center Branch,Pasadena Public Library,"363 E Villa St, Pasadena, CA 91101",91101,34.15427926,-118.1420756,POINT (-118.1420756 34.15427926),Los Angeles
Central Library,Pasadena Public Library,"285 East Walnut Street, Pasadena, CA 91101",91101,34.14960816,-118.1445879,POINT (-118.1445879 34.14960816),Los Angeles
Pomona Public Library,Pomona Public Library,"625 S. Garey Ave, Pomona, CA 91766",91766,34.0539011,-117.7506526,POINT (-117.7506526 34.0539011),Los Angeles
Main Branch Library,Redondo Beach Public Library,"303 N. Pacific Coast Highway, Redondo Beach, CA 90277",90277,33.8459641,-118.3881593,POINT (-118.3881593 33.8459641),Los Angeles
North Branch Library,Redondo Beach Public Library,"2000 Artesia Boulevard, Redondo Beach, CA 90278",90278,33.8725933,-118.3768269,POINT (-118.3768269 33.8725933),Los Angeles
Canyon Country Jo Anne Darcy Library,Santa Clarita Public Library,"18601 Soledad Canyon Rd., Santa Clarita, CA 91351",91351,34.4164602,-118.4590695,POINT (-118.4590695 34.4164602),Los Angeles
Old Town Newhall Library,Santa Clarita Public Library,"24500 Main St., Santa Clarita, CA 91321",91321,34.3819867,-118.5300632,POINT (-118.5300632 34.3819867),Los Angeles
Valencia Library,Santa Clarita Public Library,"23743 W. Valencia Blvd., Santa Clarita, CA 91355",91355,34.4154788,-118.5509066,POINT (-118.5509066 34.4154788),Los Angeles
Santa Fe Springs City Library,Santa Fe Springs City Library,"11700 Telegraph Rd., Santa Fe Springs, CA 90670",90670,33.946368,-118.084072,POINT (-118.084072 33.946368),Los Angeles
Main Library,Santa Monica Public Library,"601 Santa Monica Blvd., Santa Monica, CA 90401",90401,34.01791975,-118.4937552,POINT (-118.4937552 34.01791975),Los Angeles
Montana Branch Library,Santa Monica Public Library,"1704 Montana Ave., Santa Monica, CA 90403",90403,34.03456718,-118.4920983,POINT (-118.4920983 34.03456718),Los Angeles
Pico Branch Library,Santa Monica Public Library,"2201 Pico Blvd., Santa Monica, CA 90405",90405,34.020617,-118.467414,POINT (-118.467414 34.020617),Los Angeles
Fairview Branch Library,Santa Monica Public Library,"2101 Ocean Park Blvd., Santa Monica, CA 90405",90405,34.014454,-118.463584,POINT (-118.463584 34.014454),Los Angeles
Ocean Park Branch Library,Santa Monica Public Library,"2601 Main St., Santa Monica, CA 90405",90405,34.002279,-118.48371,POINT (-118.48371 34.002279),Los Angeles
Sierre Madre Public Library,Sierre Madre Public Library,"440 W. Sierra Madre Blvd., Sierra Madre, CA 91024",91024,34.16175798,-118.0618271,POINT (-118.0618271 34.16175798),Los Angeles
Signal Hill Public Library,Signal Hill Public Library,"1800 E. Hill St., Signal Hill, CA 90755",90755,33.7967729,-118.1691262,POINT (-118.1691262 33.7967729),Los Angeles
Simi Valley Public Library,Simi Valley Public Library,"2969 Tapo Canyon Rd, Simi Valley, CA 93063",93063,34.289033,-118.7193374,POINT (-118.7193374 34.289033),Ventura
South Pasadena Public Library,South Pasadena Public Library,"1100 Oxley Street, South Pasadena, CA 91030",91030,34.1142732,-118.1557794,POINT (-118.1557794 34.1142732),Los Angeles
Grant R. Brimhall Library,Thousand Oaks Library System,"1401 East Janss Road, Thousand Oaks, CA 91362",91362,34.2011835,-118.8525902,POINT (-118.8525902 34.2011835),Ventura
Newbury Park Library,Thousand Oaks Library System,"2331 Borchard Road, Newbury Park, CA 91320",91320,34.1817719,-118.9286542,POINT (-118.9286542 34.1817719),Ventura
Katy Geissert Civic Center Library,Torrance Public Library,"3301 Torrance Blvd., Torrance, CA 90503",90503,33.83712469,-118.3429843,POINT (-118.3429843 33.83712469),Los Angeles
El Retiro Library,Torrance Public Library,"126 Vista Del Parque, Redondo Beach, CA 90277",90277,33.8156307,-118.3789258,POINT (-118.3789258 33.8156307),Los Angeles
Henderson Library,Torrance Public Library,"4805 Emerald Street, Torrance, CA 90503",90503,33.8414378,-118.3642093,POINT (-118.3642093 33.8414378),Los Angeles
North Torrance Library,Torrance Public Library,"3604 Artesia Blvd., Torrance, CA 90504",90504,33.87298121,-118.3354027,POINT (-118.3354027 33.87298121),Los Angeles
Southeast Library,Torrance Public Library,"23115 Arlington Ave., Torrance, CA 90501",90501,33.81544343,-118.3199569,POINT (-118.3199569 33.81544343),Los Angeles
Walteria Library,Torrance Public Library,"3815 242nd St., Torrance, CA 90505",90505,33.80456265,-118.3530364,POINT (-118.3530364 33.80456265),Los Angeles
Albert H. Soliz Library,Ventura County Library,"2820 Jourdan Street, Oxnard, CA 93036",93036,34.2370591,-119.1682223,POINT (-119.1682223 34.2370591),Ventura
Avenue Library,Ventura County Library,"606 North Ventura Avenue, Ventura, CA 93001",93001,34.28864065,-119.2982946,POINT (-119.2982946 34.28864065),Ventura
E.P. Foster Library,Ventura County Library,"651 East Main Street, Ventura, CA 93001",93001,34.28090653,-119.2907755,POINT (-119.2907755 34.28090653),Ventura
Fillmore Library,Ventura County Library,"502 2nd Street, Fillmore, CA 93015",93015,34.40432576,-118.9146736,POINT (-118.9146736 34.40432576),Ventura
Hill Road Library,Ventura County Library,"1070 S. Hill Road, Ventura, CA 93003",93003,34.267072,-119.2064857,POINT (-119.2064857 34.267072),Ventura
Meiners Oaks Library,Ventura County Library,"400 South Lomita Avenue, Ojai, CA 93023",93023,34.4444661,-119.2770085,POINT (-119.2770085 34.4444661),Ventura
Mobile Library,Ventura County Library,"Ventura, CA 93003",93003,34.2783355,-119.293174,POINT (-119.293174 34.2783355),Ventura
Oak Park Library,Ventura County Library,"899 North Kanan Road, Oak Park, CA 91377",91377,34.180315,-118.765053,POINT (-118.765053 34.180315),Ventura
Oak View Library,Ventura County Library,"555 Mahoney Avenue, Oak View, CA 93022",93022,34.39947315,-119.3051311,POINT (-119.3051311 34.39947315),Ventura
Ojai Library,Ventura County Library,"111 East Ojai Avenue, Ojai, CA 93023",93023,34.44784348,-119.2468733,POINT (-119.2468733 34.44784348),Ventura
Piru Library,Ventura County Library,"3811 Center Street, Piru, CA 93040",93040,34.41546356,-118.7964809,POINT (-118.7964809 34.41546356),Ventura
Ray D. Prueter Library,Ventura County Library,"510 Park Avenue, Port Hueneme, CA 93041",93041,34.15675863,-119.1937273,POINT (-119.1937273 34.15675863),Ventura
Saticoy Library,Ventura County Library,"1292 Los Angeles Avenue, Ventura, CA 93004",93004,34.2835921,-119.1481146,POINT (-119.1481146 34.2835921),Ventura
Whittier Central Library,Whittier Public Library,"7344 Washington Ave., Whittier, CA 90602",90602,33.97510898,-118.0348839,POINT (-118.0348839 33.97510898),Los Angeles
Whittwood Branch Library,Whittier Public Library,"10537 Santa Gertrudes Ave., Whittier, CA 90603",90603,33.93988857,-117.9930108,POINT (-117.9930108 33.93988857),Los Angeles